PassengerId,Survived,Pclass,Age,SibSp,Parch,Fare,Family_size,Age_scaled,Fare_scaled,Sex_male,Embarked_Q,Embarked_S
1,0,3,22.0,1,0,7.25,2,-0.5636740664747023,0.014151057562208049,True,False,True
2,1,1,38.0,1,0,71.2833,2,0.6692169576775449,0.13913573538264068,False,False,False
3,1,3,26.0,0,0,7.925,1,-0.2554513104366405,0.015468569817999833,False,False,True
4,1,1,35.0,1,0,53.1,2,0.4380498906489985,0.10364429745562033,False,False,True
5,0,3,35.0,0,0,8.05,1,0.4380498906489985,0.015712553569072387,True,False,True
6,0,3,28.0,0,0,8.4583,1,-0.10133993241760961,0.01650950209357577,True,True,False
7,0,1,54.0,0,0,51.8625,1,1.902107981829792,0.10122885832000206,True,False,True
8,0,3,2.0,3,1,21.075,5,-2.104787846665011,0.04113566043083236,True,False,True
9,1,3,27.0,0,2,11.1333,3,-0.17839562142712506,0.021730754366528396,False,False,True
10,1,2,14.0,1,0,30.0708,2,-1.1801195785508258,0.058694292654020104,False,False,False
11,1,3,4.0,1,1,16.7,3,-1.9506764686459803,0.03259622914329302,False,False,True
12,1,1,58.0,0,0,26.55,1,2.210330737867854,0.051822148727810165,False,False,True
13,0,3,20.0,0,0,8.05,1,-0.7177854444937332,0.015712553569072387,True,False,True
14,0,3,39.0,1,5,31.275,7,0.7462726466870603,0.06104473451835265,True,False,True
15,0,3,14.0,0,0,7.8542,1,-1.1801195785508258,0.015330377421392339,False,False,True
16,1,2,55.0,0,0,16.0,1,1.9791636708393074,0.03122992013728673,False,False,True
17,0,3,2.0,4,1,29.125,6,-2.104787846665011,0.05684821399990475,True,True,False
18,1,2,28.0,0,0,13.0,1,-0.10133993241760961,0.025374310111545468,True,False,True
19,0,3,31.0,1,0,18.0,2,0.12982713461093673,0.03513366015444757,False,False,True
20,1,3,28.0,0,0,7.225,1,-0.10133993241760961,0.014102260811993537,False,False,False
21,0,2,35.0,0,0,26.0,1,0.4380498906489985,0.050748620223090936,True,False,True
22,1,2,34.0,0,0,13.0,1,0.36099420163948304,0.025374310111545468,True,False,True
23,1,3,15.0,0,0,8.0292,1,-1.1030638895413103,0.015671954672893913,False,True,False
24,1,1,28.0,0,0,35.5,1,-0.10133993241760961,0.06929138530460494,True,False,True
25,0,3,8.0,3,1,21.075,5,-1.6424537126079184,0.04113566043083236,False,False,True
26,1,3,38.0,1,5,31.3875,7,0.6692169576775449,0.06126431989431795,False,False,True
27,0,3,28.0,0,0,7.225,1,-0.10133993241760961,0.014102260811993537,True,False,False
28,0,1,19.0,3,2,263.0,6,-0.7948411335032486,0.5133418122566507,True,False,True
29,1,3,28.0,0,0,7.8792,1,-0.10133993241760961,0.01537917417160685,False,True,False
30,0,3,28.0,0,0,7.8958,1,-0.10133993241760961,0.015411575213749286,True,False,True
31,0,1,40.0,0,0,27.7208,1,0.8233283356965757,0.05410739813385612,True,False,False
32,1,1,28.0,1,0,146.5208,2,-0.10133993241760961,0.2859895551532101,False,False,False
33,1,3,28.0,0,0,7.75,1,-0.10133993241760961,0.015126992566498259,False,True,False
34,0,2,66.0,0,0,10.5,1,2.8267762499439777,0.020494635090094415,True,False,True
35,0,1,28.0,1,0,82.1708,2,-0.10133993241760961,0.16038672010106003,True,False,False
36,0,1,42.0,1,0,52.0,2,0.9774397137156066,0.10149724044618187,True,False,True
37,1,3,28.0,0,0,7.2292,1,-0.10133993241760961,0.014110458666029575,True,False,False
38,0,3,21.0,0,0,8.05,1,-0.6407297554842177,0.015712553569072387,True,False,True
39,0,3,18.0,2,0,18.0,3,-0.871896822512764,0.03513366015444757,False,False,True
40,1,3,14.0,1,0,11.2417,2,-1.1801195785508258,0.021942337075458514,False,False,False
41,0,3,40.0,1,0,9.475,2,0.8233283356965757,0.018493968331299484,False,False,True
42,0,2,27.0,1,0,21.0,2,-0.17839562142712506,0.04098927018018883,False,False,True
43,0,3,28.0,0,0,7.8958,1,-0.10133993241760961,0.015411575213749286,True,False,False
44,1,2,3.0,1,2,41.5792,4,-2.0277321576554956,0.08115719346076702,False,False,False
45,1,3,19.0,0,0,7.8792,1,-0.7948411335032486,0.01537917417160685,False,True,False
46,0,3,28.0,0,0,8.05,1,-0.10133993241760961,0.015712553569072387,True,False,True
47,0,3,28.0,1,0,15.5,2,-0.10133993241760961,0.030253985132996517,True,True,False
48,1,3,28.0,0,0,7.75,1,-0.10133993241760961,0.015126992566498259,False,True,False
49,0,3,28.0,2,0,21.6792,3,-0.10133993241760961,0.04231498029001666,True,False,False
50,0,3,18.0,1,0,17.8,2,-0.871896822512764,0.034743286152731485,False,False,True
51,0,3,7.0,4,1,39.6875,6,-1.719509401617434,0.07746484096553544,True,False,True
52,0,3,21.0,0,0,7.8,1,-0.6407297554842177,0.01522458606692728,True,False,True
53,1,1,49.0,1,0,76.7292,2,1.5168295367822147,0.1497654242623688,False,False,False
54,1,2,29.0,1,0,26.0,2,-0.024284243408094167,0.050748620223090936,False,False,True
55,0,1,65.0,0,1,61.9792,2,2.749720560934462,0.1209753416358076,True,False,False
56,1,1,28.0,0,0,35.5,1,-0.10133993241760961,0.06929138530460494,True,False,True
57,1,2,21.0,0,0,10.5,1,-0.6407297554842177,0.020494635090094415,False,False,True
58,0,3,28.5,0,0,7.2292,1,-0.0628120879128519,0.014110458666029575,True,False,False
59,1,2,5.0,1,2,27.75,4,-1.8736207796364648,0.05416439273810667,False,False,True
60,0,3,11.0,5,2,46.9,8,-1.4112866455793722,0.09154270340242172,True,False,True
61,0,3,22.0,0,0,7.2292,1,-0.5636740664747023,0.014110458666029575,True,False,False
63,0,1,45.0,1,0,83.475,2,1.208606780744153,0.16293234896625058,True,False,True
64,0,3,4.0,3,2,27.9,6,-1.9506764686459803,0.05445717323939373,True,False,True
65,0,1,28.0,0,0,27.7208,1,-0.10133993241760961,0.05410739813385612,True,False,False
66,1,3,28.0,1,1,15.2458,3,-0.10133993241760961,0.029757819776815374,True,False,False
67,1,2,29.0,0,0,10.5,1,-0.024284243408094167,0.020494635090094415,False,False,True
68,0,3,19.0,0,0,8.1583,1,-0.7948411335032486,0.015923941091001644,True,False,True
69,1,3,17.0,4,2,7.925,7,-0.9489525115222794,0.015468569817999833,False,False,True
70,0,3,26.0,2,0,8.6625,3,-0.2554513104366405,0.016908073949327893,True,False,True
71,0,2,32.0,0,0,10.5,1,0.20688282362045216,0.020494635090094415,True,False,True
72,0,3,16.0,5,2,46.9,8,-1.026008200531795,0.09154270340242172,False,False,True
73,0,2,21.0,0,0,73.5,1,-0.6407297554842177,0.1434624456306609,True,False,True
74,0,3,26.0,1,0,14.4542,2,-0.2554513104366405,0.028212719478023115,True,False,False
75,1,3,32.0,0,0,56.4958,1,0.20688282362045216,0.11027245763075773,True,False,True
76,0,3,25.0,0,0,7.65,1,-0.3325069994461559,0.014931805565640218,True,False,True
77,0,3,28.0,0,0,7.8958,1,-0.10133993241760961,0.015411575213749286,True,False,True
78,0,3,28.0,0,0,8.05,1,-0.10133993241760961,0.015712553569072387,True,False,True
79,1,2,0.83,0,2,29.0,3,-2.1949430028061445,0.056604230248832196,True,False,True
80,1,3,30.0,0,0,12.475,1,0.052771445601421274,0.024349578357040744,False,False,True
81,0,3,22.0,0,0,9.0,1,-0.5636740664747023,0.017566830077223785,True,False,True
82,1,3,29.0,0,0,9.5,1,-0.024284243408094167,0.018542765081513996,True,False,True
83,1,3,28.0,0,0,7.7875,1,-0.10133993241760961,0.015200187691820024,False,True,False
84,0,1,28.0,0,0,47.1,1,-0.10133993241760961,0.09193307740413781,True,False,True
85,1,2,17.0,0,0,10.5,1,-0.9489525115222794,0.020494635090094415,False,False,True
86,1,3,33.0,3,0,15.85,4,0.2839385126299676,0.030937139635999665,False,False,True
87,0,3,16.0,1,3,34.375,5,-1.026008200531795,0.06709553154495196,True,False,True
88,0,3,28.0,0,0,8.05,1,-0.10133993241760961,0.015712553569072387,True,False,True
89,1,1,23.0,3,2,263.0,6,-0.4866183774651868,0.5133418122566507,False,False,True
90,0,3,24.0,0,0,8.05,1,-0.4095626884556714,0.015712553569072387,True,False,True
91,0,3,29.0,0,0,8.05,1,-0.024284243408094167,0.015712553569072387,True,False,True
92,0,3,20.0,0,0,7.8542,1,-0.7177854444937332,0.015330377421392339,True,False,True
93,0,1,46.0,1,0,61.175,2,1.2856624697536683,0.11940564777490723,True,False,True
94,0,3,26.0,1,2,20.575,4,-0.2554513104366405,0.04015972542654215,True,False,True
95,0,3,59.0,0,0,7.25,1,2.287386426877369,0.014151057562208049,True,False,True
96,0,3,28.0,0,0,8.05,1,-0.10133993241760961,0.015712553569072387,True,False,True
97,0,1,71.0,0,0,34.6542,1,3.2120546949915547,0.06764049365134761,True,False,False
98,1,1,23.0,0,1,63.3583,2,-0.4866183774651868,0.12366716556464086,True,False,False
99,1,2,34.0,0,1,23.0,2,0.36099420163948304,0.044893010197349675,False,False,True
100,0,2,34.0,1,0,26.0,2,0.36099420163948304,0.050748620223090936,True,False,True
101,0,3,28.0,0,0,7.8958,1,-0.10133993241760961,0.015411575213749286,False,False,True
102,0,3,28.0,0,0,7.8958,1,-0.10133993241760961,0.015411575213749286,True,False,True
103,0,1,21.0,0,1,77.2875,2,-0.6407297554842177,0.15085515328815924,True,False,True
104,0,3,33.0,0,0,8.6542,1,0.2839385126299676,0.016891873428256675,True,False,True
105,0,3,37.0,2,0,7.925,3,0.5921612686680294,0.015468569817999833,True,False,True
106,0,3,28.0,0,0,7.8958,1,-0.10133993241760961,0.015411575213749286,True,False,True
107,1,3,21.0,0,0,7.65,1,-0.6407297554842177,0.014931805565640218,False,False,True
108,1,3,28.0,0,0,7.775,1,-0.10133993241760961,0.015175789316712771,True,False,True
109,0,3,38.0,0,0,7.8958,1,0.6692169576775449,0.015411575213749286,True,False,True
110,1,3,28.0,1,0,24.15,2,-0.10133993241760961,0.04713766070721715,False,True,False
111,0,1,47.0,0,0,52.0,1,1.3627181587631838,0.10149724044618187,True,False,True
112,0,3,14.5,1,0,14.4542,2,-1.1415917340460682,0.028212719478023115,False,False,False
113,0,3,22.0,0,0,8.05,1,-0.5636740664747023,0.015712553569072387,True,False,True
114,0,3,20.0,1,0,9.825,2,-0.7177854444937332,0.019177122834302632,False,False,True
115,0,3,17.0,0,0,14.4583,1,-0.9489525115222794,0.028220722145058292,False,False,False
116,0,3,21.0,0,0,7.925,1,-0.6407297554842177,0.015468569817999833,True,False,True
117,0,3,70.5,0,0,7.75,1,3.173526850486797,0.015126992566498259,True,True,False
118,0,2,29.0,1,0,21.0,2,-0.024284243408094167,0.04098927018018883,True,False,True
119,0,1,24.0,0,1,247.5208,2,-0.4095626884556714,0.4831284260198326,True,False,False
120,0,3,2.0,4,2,31.275,7,-2.104787846665011,0.06104473451835265,False,False,True
121,0,2,21.0,2,0,73.5,3,-0.6407297554842177,0.1434624456306609,True,False,True
122,0,3,28.0,0,0,8.05,1,-0.10133993241760961,0.015712553569072387,True,False,True
123,0,2,32.5,1,0,30.0708,2,0.2454106681252099,0.058694292654020104,True,False,False
124,1,2,32.5,0,0,13.0,1,0.2454106681252099,0.025374310111545468,False,False,True
125,0,1,54.0,0,1,77.2875,2,1.902107981829792,0.15085515328815924,True,False,True
126,1,3,12.0,1,0,11.2417,2,-1.3342309565698567,0.021942337075458514,True,False,False
127,0,3,28.0,0,0,7.75,1,-0.10133993241760961,0.015126992566498259,True,True,False
128,1,3,24.0,0,0,7.1417,1,-0.4095626884556714,0.01393967004027879,True,False,True
129,1,3,28.0,1,1,22.3583,3,-0.10133993241760961,0.04364049521284362,False,False,False
130,0,3,45.0,0,0,6.975,1,1.208606780744153,0.013614293309848433,True,False,True
131,0,3,33.0,0,0,7.8958,1,0.2839385126299676,0.015411575213749286,True,False,False
132,0,3,20.0,0,0,7.05,1,-0.7177854444937332,0.013760683560491965,True,False,True
133,0,3,47.0,1,0,14.5,2,1.3627181587631838,0.028302115124416098,False,False,True
134,1,2,29.0,1,0,26.0,2,-0.024284243408094167,0.050748620223090936,False,False,True
135,0,2,25.0,0,0,13.0,1,-0.3325069994461559,0.025374310111545468,True,False,True
136,0,2,23.0,0,0,15.0458,1,-0.4866183774651868,0.02936744577509929,True,False,False
137,1,1,19.0,0,2,26.2833,3,-0.7948411335032486,0.051301584996521765,False,False,True
138,0,1,37.0,1,0,53.1,2,0.5921612686680294,0.10364429745562033,True,False,True
139,0,3,16.0,0,0,9.2167,1,-1.026008200531795,0.01798980030808316,True,False,True
140,0,1,24.0,0,0,79.2,1,-0.4095626884556714,0.15458810467956932,True,False,False
141,0,3,28.0,0,2,15.2458,3,-0.10133993241760961,0.029757819776815374,False,False,False
142,1,3,22.0,0,0,7.75,1,-0.5636740664747023,0.015126992566498259,False,False,True
143,1,3,24.0,1,0,15.85,2,-0.4095626884556714,0.030937139635999665,False,False,True
144,0,3,19.0,0,0,6.75,1,-0.7948411335032486,0.013175122557917838,True,True,False
145,0,2,18.0,0,0,11.5,1,-0.871896822512764,0.022446505098674838,True,False,True
146,0,2,19.0,1,1,36.75,3,-0.7948411335032486,0.07173122281533045,True,False,True
147,1,3,27.0,0,0,7.7958,1,-0.17839562142712506,0.015216388212891242,True,False,True
148,0,3,9.0,2,2,34.375,5,-1.565398023598403,0.06709553154495196,False,False,True
149,0,2,36.5,0,2,26.0,3,0.5536334241632717,0.050748620223090936,True,False,True
150,0,2,42.0,0,0,13.0,1,0.9774397137156066,0.025374310111545468,True,False,True
151,0,2,51.0,0,0,12.525,1,1.6709409148012455,0.02444717185746977,True,False,True
152,1,1,22.0,1,0,66.6,2,-0.5636740664747023,0.12999454257145598,False,False,True
153,0,3,55.5,0,0,8.05,1,2.017691515344065,0.015712553569072387,True,False,True
154,0,3,40.5,0,2,14.5,3,0.8618561802013335,0.028302115124416098,True,False,True
155,0,3,28.0,0,0,7.3125,1,-0.10133993241760961,0.014273049437744325,True,False,True
156,0,1,51.0,0,1,61.3792,2,1.6709409148012455,0.11980421963065935,True,False,False
157,1,3,16.0,0,0,7.7333,1,-1.026008200531795,0.015094396337354966,False,True,False
158,0,3,30.0,0,0,8.05,1,0.052771445601421274,0.015712553569072387,True,False,True
159,0,3,28.0,0,0,8.6625,1,-0.10133993241760961,0.016908073949327893,True,False,True
160,0,3,28.0,8,2,69.55,11,-0.10133993241760961,0.13575255909676825,True,False,True
161,0,3,44.0,0,1,16.1,2,1.1315510917346374,0.031425107138144774,True,False,True
162,1,2,40.0,0,0,15.75,1,0.8233283356965757,0.030741952635141623,False,False,True
163,0,3,26.0,0,0,7.775,1,-0.2554513104366405,0.015175789316712771,True,False,True
164,0,3,17.0,0,0,8.6625,1,-0.9489525115222794,0.016908073949327893,True,False,True
165,0,3,1.0,4,1,39.6875,6,-2.1818435356745267,0.07746484096553544,True,False,True
166,1,3,9.0,0,2,20.525,3,-1.565398023598403,0.04006213192611313,True,False,True
167,1,1,28.0,0,1,55.0,2,-0.10133993241760961,0.10735285047192313,False,False,True
168,0,3,45.0,1,4,27.9,6,1.208606780744153,0.05445717323939373,False,False,True
169,0,1,28.0,0,0,25.925,1,-0.10133993241760961,0.050602229972447406,True,False,True
170,0,3,28.0,0,0,56.4958,1,-0.10133993241760961,0.11027245763075773,True,False,True
171,0,1,61.0,0,0,33.5,1,2.4414978048964002,0.06538764528744409,True,False,True
172,0,3,4.0,4,1,29.125,6,-1.9506764686459803,0.05684821399990475,True,True,False
173,1,3,1.0,1,1,11.1333,3,-2.1818435356745267,0.021730754366528396,False,False,True
174,0,3,21.0,0,0,7.925,1,-0.6407297554842177,0.015468569817999833,True,False,True
175,0,1,56.0,0,0,30.6958,1,2.0562193598488228,0.05991421140938287,True,False,False
176,0,3,18.0,1,1,7.8542,3,-0.871896822512764,0.015330377421392339,True,False,True
177,0,3,28.0,3,1,25.4667,5,-0.10133993241760961,0.049707687947515,True,False,True
178,0,1,50.0,0,0,28.7125,1,1.5938852257917302,0.05604306762136532,False,False,False
179,0,2,30.0,0,0,13.0,1,0.052771445601421274,0.025374310111545468,True,False,True
180,0,3,36.0,0,0,0.0,1,0.5151055796585139,0.0,True,False,True
181,0,3,28.0,8,2,69.55,11,-0.10133993241760961,0.13575255909676825,False,False,True
182,0,2,28.0,0,0,15.05,1,-0.10133993241760961,0.02937564362913533,True,False,False
183,0,3,9.0,4,2,31.3875,7,-1.565398023598403,0.06126431989431795,True,False,True
184,1,2,1.0,2,1,39.0,4,-2.1818435356745267,0.07612293033463641,True,False,True
185,1,3,4.0,0,2,22.025,3,-1.9506764686459803,0.04298993693898376,False,False,True
186,0,1,28.0,0,0,50.0,1,-0.10133993241760961,0.09759350042902103,True,False,True
187,1,3,28.0,1,0,15.5,2,-0.10133993241760961,0.030253985132996517,False,True,False
188,1,1,45.0,0,0,26.55,1,1.208606780744153,0.051822148727810165,True,False,True
189,0,3,40.0,1,1,15.5,3,0.8233283356965757,0.030253985132996517,True,True,False
190,0,3,36.0,0,0,7.8958,1,0.5151055796585139,0.015411575213749286,True,False,True
191,1,2,32.0,0,0,13.0,1,0.20688282362045216,0.025374310111545468,False,False,True
192,0,2,19.0,0,0,13.0,1,-0.7948411335032486,0.025374310111545468,True,False,True
193,1,3,19.0,1,0,7.8542,2,-0.7948411335032486,0.015330377421392339,False,False,True
194,1,2,3.0,1,1,26.0,3,-2.0277321576554956,0.050748620223090936,True,False,True
195,1,1,44.0,0,0,27.7208,1,1.1315510917346374,0.05410739813385612,False,False,False
196,1,1,58.0,0,0,146.5208,1,2.210330737867854,0.2859895551532101,False,False,False
197,0,3,28.0,0,0,7.75,1,-0.10133993241760961,0.015126992566498259,True,True,False
198,0,3,42.0,0,1,8.4042,2,0.9774397137156066,0.01640390592611157,True,False,True
199,1,3,28.0,0,0,7.75,1,-0.10133993241760961,0.015126992566498259,False,True,False
200,0,2,24.0,0,0,13.0,1,-0.4095626884556714,0.025374310111545468,False,False,True
201,0,3,28.0,0,0,9.5,1,-0.10133993241760961,0.018542765081513996,True,False,True
202,0,3,28.0,8,2,69.55,11,-0.10133993241760961,0.13575255909676825,True,False,True
203,0,3,34.0,0,0,6.4958,1,0.36099420163948304,0.012678957201736696,True,False,True
204,0,3,45.5,0,0,7.225,1,1.2471346252489106,0.014102260811993537,True,False,False
205,1,3,18.0,0,0,8.05,1,-0.871896822512764,0.015712553569072387,True,False,True
206,0,3,2.0,0,1,10.4625,2,-2.104787846665011,0.02042143996477265,False,False,True
207,0,3,32.0,1,0,15.85,2,0.20688282362045216,0.030937139635999665,True,False,True
208,1,3,26.0,0,0,18.7875,1,-0.2554513104366405,0.036670757786204655,True,False,False
209,1,3,16.0,0,0,7.75,1,-1.026008200531795,0.015126992566498259,False,True,False
210,1,1,40.0,0,0,31.0,1,0.8233283356965757,0.060507970265993034,True,False,False
211,0,3,24.0,0,0,7.05,1,-0.4095626884556714,0.013760683560491965,True,False,True
212,1,2,35.0,0,0,21.0,1,0.4380498906489985,0.04098927018018883,False,False,True
213,0,3,22.0,0,0,7.25,1,-0.5636740664747023,0.014151057562208049,True,False,True
214,0,2,30.0,0,0,13.0,1,0.052771445601421274,0.025374310111545468,True,False,True
215,0,3,28.0,1,0,7.75,2,-0.10133993241760961,0.015126992566498259,True,True,False
216,1,1,31.0,1,0,113.275,2,0.12982713461093673,0.22109807522194713,False,False,False
217,1,3,27.0,0,0,7.925,1,-0.17839562142712506,0.015468569817999833,False,False,True
218,0,2,42.0,1,0,27.0,2,0.9774397137156066,0.05270049023167135,True,False,True
219,1,1,32.0,0,0,76.2917,1,0.20688282362045216,0.14891148113361488,False,False,False
220,0,2,30.0,0,0,10.5,1,0.052771445601421274,0.020494635090094415,True,False,True
221,1,3,16.0,0,0,8.05,1,-1.026008200531795,0.015712553569072387,True,False,True
222,0,2,27.0,0,0,13.0,1,-0.17839562142712506,0.025374310111545468,True,False,True
223,0,3,51.0,0,0,8.05,1,1.6709409148012455,0.015712553569072387,True,False,True
224,0,3,28.0,0,0,7.8958,1,-0.10133993241760961,0.015411575213749286,True,False,True
225,1,1,38.0,1,0,90.0,2,0.6692169576775449,0.17566830077223786,True,False,True
226,0,3,22.0,0,0,9.35,1,-0.5636740664747023,0.018249984580226933,True,False,True
227,1,2,19.0,0,0,10.5,1,-0.7948411335032486,0.020494635090094415,True,False,True
228,0,3,20.5,0,0,7.25,1,-0.6792575999889754,0.014151057562208049,True,False,True
229,0,2,18.0,0,0,13.0,1,-0.871896822512764,0.025374310111545468,True,False,True
230,0,3,28.0,3,1,25.4667,5,-0.10133993241760961,0.049707687947515,False,False,True
231,1,1,35.0,1,0,83.475,2,0.4380498906489985,0.16293234896625058,False,False,True
232,0,3,29.0,0,0,7.775,1,-0.024284243408094167,0.015175789316712771,True,False,True
233,0,2,59.0,0,0,13.5,1,2.287386426877369,0.026350245115835676,True,False,True
234,1,3,5.0,4,2,31.3875,7,-1.8736207796364648,0.06126431989431795,False,False,True
235,0,2,24.0,0,0,10.5,1,-0.4095626884556714,0.020494635090094415,True,False,True
236,0,3,28.0,0,0,7.55,1,-0.10133993241760961,0.014736618564782174,False,False,True
237,0,2,44.0,1,0,26.0,2,1.1315510917346374,0.050748620223090936,True,False,True
238,1,2,8.0,0,2,26.25,3,-1.6424537126079184,0.05123658772523604,False,False,True
239,0,2,19.0,0,0,10.5,1,-0.7948411335032486,0.020494635090094415,True,False,True
240,0,2,33.0,0,0,12.275,1,0.2839385126299676,0.023959204355324663,True,False,True
241,0,3,28.0,1,0,14.4542,2,-0.10133993241760961,0.028212719478023115,False,False,False
242,1,3,28.0,1,0,15.5,2,-0.10133993241760961,0.030253985132996517,False,True,False
243,0,2,29.0,0,0,10.5,1,-0.024284243408094167,0.020494635090094415,True,False,True
244,0,3,22.0,0,0,7.125,1,-0.5636740664747023,0.013907073811135496,True,False,True
245,0,3,30.0,0,0,7.225,1,0.052771445601421274,0.014102260811993537,True,False,False
246,0,1,44.0,2,0,90.0,3,1.1315510917346374,0.17566830077223786,True,True,False
247,0,3,25.0,0,0,7.775,1,-0.3325069994461559,0.015175789316712771,False,False,True
248,1,2,24.0,0,2,14.5,3,-0.4095626884556714,0.028302115124416098,False,False,True
249,1,1,37.0,1,1,52.5542,3,0.5921612686680294,0.10257896680493714,True,False,True
250,0,2,54.0,1,0,26.0,2,1.902107981829792,0.050748620223090936,True,False,True
251,0,3,28.0,0,0,7.25,1,-0.10133993241760961,0.014151057562208049,True,False,True
252,0,3,29.0,1,1,10.4625,3,-0.024284243408094167,0.02042143996477265,False,False,True
253,0,1,62.0,0,0,26.55,1,2.5185534939059155,0.051822148727810165,True,False,True
254,0,3,30.0,1,0,16.1,2,0.052771445601421274,0.031425107138144774,True,False,True
255,0,3,41.0,0,2,20.2125,3,0.9003840247060911,0.039452172548431745,False,False,True
256,1,3,29.0,0,2,15.2458,3,-0.024284243408094167,0.029757819776815374,False,False,False
257,1,1,28.0,0,0,79.2,1,-0.10133993241760961,0.15458810467956932,False,False,False
258,1,1,30.0,0,0,86.5,1,0.052771445601421274,0.16883675574220638,False,False,True
259,1,1,35.0,0,0,512.3292,1,0.4380498906489985,1.0,False,False,False
260,1,2,50.0,0,1,26.0,2,1.5938852257917302,0.050748620223090936,False,False,True
261,0,3,28.0,0,0,7.75,1,-0.10133993241760961,0.015126992566498259,True,True,False
262,1,3,3.0,4,2,31.3875,7,-2.0277321576554956,0.06126431989431795,True,False,True
263,0,1,52.0,1,1,79.65,3,1.747996603810761,0.1554664461834305,True,False,True
264,0,1,40.0,0,0,0.0,1,0.8233283356965757,0.0,True,False,True
265,0,3,28.0,0,0,7.75,1,-0.10133993241760961,0.015126992566498259,False,True,False
266,0,2,36.0,0,0,10.5,1,0.5151055796585139,0.020494635090094415,True,False,True
267,0,3,16.0,4,1,39.6875,6,-1.026008200531795,0.07746484096553544,True,False,True
268,1,3,25.0,1,0,7.775,2,-0.3325069994461559,0.015175789316712771,True,False,True
269,1,1,58.0,0,1,153.4625,2,2.210330737867854,0.2995388511917728,False,False,True
270,1,1,35.0,0,0,135.6333,1,0.4380498906489985,0.2647385704347907,False,False,True
271,0,1,28.0,0,0,31.0,1,-0.10133993241760961,0.060507970265993034,True,False,True
272,1,3,25.0,0,0,0.0,1,-0.3325069994461559,0.0,True,False,True
273,1,2,41.0,0,1,19.5,2,0.9003840247060911,0.038061465167318204,False,False,True
274,0,1,37.0,0,1,29.7,2,0.5921612686680294,0.057970539254838485,True,False,False
275,1,3,28.0,0,0,7.75,1,-0.10133993241760961,0.015126992566498259,False,True,False
276,1,1,63.0,1,0,77.9583,2,2.5956091829154313,0.15216446768991498,False,False,True
277,0,3,45.0,0,0,7.75,1,1.208606780744153,0.015126992566498259,False,False,True
278,0,2,28.0,0,0,0.0,1,-0.10133993241760961,0.0,True,False,True
279,0,3,7.0,4,1,29.125,6,-1.719509401617434,0.05684821399990475,True,True,False
280,1,3,35.0,1,1,20.25,3,0.4380498906489985,0.03952536767375352,False,False,True
281,0,3,65.0,0,0,7.75,1,2.749720560934462,0.015126992566498259,True,True,False
282,0,3,28.0,0,0,7.8542,1,-0.10133993241760961,0.015330377421392339,True,False,True
283,0,3,16.0,0,0,9.5,1,-1.026008200531795,0.018542765081513996,True,False,True
284,1,3,19.0,0,0,8.05,1,-0.7948411335032486,0.015712553569072387,True,False,True
285,0,1,28.0,0,0,26.0,1,-0.10133993241760961,0.050748620223090936,True,False,True
286,0,3,33.0,0,0,8.6625,1,0.2839385126299676,0.016908073949327893,True,False,False
287,1,3,30.0,0,0,9.5,1,0.052771445601421274,0.018542765081513996,True,False,True
288,0,3,22.0,0,0,7.8958,1,-0.5636740664747023,0.015411575213749286,True,False,True
289,1,2,42.0,0,0,13.0,1,0.9774397137156066,0.025374310111545468,True,False,True
290,1,3,22.0,0,0,7.75,1,-0.5636740664747023,0.015126992566498259,False,True,False
291,1,1,26.0,0,0,78.85,1,-0.2554513104366405,0.15390495017656614,False,False,True
292,1,1,19.0,1,0,91.0792,2,-0.7948411335032486,0.17777475888549785,False,False,False
293,0,2,36.0,0,0,12.875,1,0.5151055796585139,0.025130326360472913,True,False,False
294,0,3,24.0,0,0,8.85,1,-0.4095626884556714,0.01727404957593672,False,False,True
295,0,3,24.0,0,0,7.8958,1,-0.4095626884556714,0.015411575213749286,True,False,True
296,0,1,28.0,0,0,27.7208,1,-0.10133993241760961,0.05410739813385612,True,False,False
297,0,3,23.5,0,0,7.2292,1,-0.4480905329604291,0.014110458666029575,True,False,False
298,0,1,2.0,1,2,151.55,4,-2.104787846665011,0.29580589980036276,False,False,True
299,1,1,28.0,0,0,30.5,1,-0.10133993241760961,0.05953203526170282,True,False,True
300,1,1,50.0,0,1,247.5208,2,1.5938852257917302,0.4831284260198326,False,False,False
301,1,3,28.0,0,0,7.75,1,-0.10133993241760961,0.015126992566498259,False,True,False
302,1,3,28.0,2,0,23.25,3,-0.10133993241760961,0.04538097769949478,True,True,False
303,0,3,19.0,0,0,0.0,1,-0.7948411335032486,0.0,True,False,True
304,1,2,28.0,0,0,12.35,1,-0.10133993241760961,0.024105594605968193,False,True,False
305,0,3,28.0,0,0,8.05,1,-0.10133993241760961,0.015712553569072387,True,False,True
306,1,1,0.92,1,2,151.55,4,-2.188007990795288,0.29580589980036276,True,False,True
307,1,1,28.0,0,0,110.8833,1,-0.10133993241760961,0.21642978772242535,False,False,False
308,1,1,17.0,1,0,108.9,2,-0.9489525115222794,0.2125586439344078,False,False,False
309,0,2,30.0,1,0,24.0,2,0.052771445601421274,0.04684488020593009,True,False,False
310,1,1,30.0,0,0,56.9292,1,0.052771445601421274,0.11111839809247648,False,False,False
311,1,1,24.0,0,0,83.1583,1,-0.4095626884556714,0.16231419173453318,False,False,False
312,1,1,18.0,2,2,262.375,5,-0.871896822512764,0.5121218935012878,False,False,False
313,0,2,26.0,1,1,26.0,3,-0.2554513104366405,0.050748620223090936,False,False,True
314,0,3,28.0,0,0,7.8958,1,-0.10133993241760961,0.015411575213749286,True,False,True
315,0,2,43.0,1,1,26.25,3,1.054495402725122,0.05123658772523604,True,False,True
316,1,3,26.0,0,0,7.8542,1,-0.2554513104366405,0.015330377421392339,False,False,True
317,1,2,24.0,1,0,26.0,2,-0.4095626884556714,0.050748620223090936,False,False,True
318,0,2,54.0,0,0,14.0,1,1.902107981829792,0.027326180120125887,True,False,True
319,1,1,31.0,0,2,164.8667,3,0.12982713461093673,0.32179836714362564,False,False,True
320,1,1,40.0,1,1,134.5,3,0.8233283356965757,0.2625265161540666,False,False,False
321,0,3,22.0,0,0,7.25,1,-0.5636740664747023,0.014151057562208049,True,False,True
322,0,3,27.0,0,0,7.8958,1,-0.17839562142712506,0.015411575213749286,True,False,True
323,1,2,30.0,0,0,12.35,1,0.052771445601421274,0.024105594605968193,False,True,False
324,1,2,22.0,1,1,29.0,3,-0.5636740664747023,0.056604230248832196,False,False,True
325,0,3,28.0,8,2,69.55,11,-0.10133993241760961,0.13575255909676825,True,False,True
326,1,1,36.0,0,0,135.6333,1,0.5151055796585139,0.2647385704347907,False,False,False
327,0,3,61.0,0,0,6.2375,1,2.4414978048964002,0.012174789178520372,True,False,True
328,1,2,36.0,0,0,13.0,1,0.5151055796585139,0.025374310111545468,False,False,True
329,1,3,31.0,1,1,20.525,3,0.12982713461093673,0.04006213192611313,False,False,True
330,1,1,16.0,0,1,57.9792,2,-1.026008200531795,0.11316786160148591,False,False,False
331,1,3,28.0,2,0,23.25,3,-0.10133993241760961,0.04538097769949478,False,True,False
332,0,1,45.5,0,0,28.5,1,1.2471346252489106,0.055628295244541985,True,False,True
333,0,1,38.0,0,1,153.4625,2,0.6692169576775449,0.2995388511917728,True,False,True
334,0,3,16.0,2,0,18.0,3,-1.026008200531795,0.03513366015444757,True,False,True
335,1,1,28.0,1,0,133.65,2,-0.10133993241760961,0.2608674266467732,False,False,True
336,0,3,28.0,0,0,7.8958,1,-0.10133993241760961,0.015411575213749286,True,False,True
337,0,1,29.0,1,0,66.6,2,-0.024284243408094167,0.12999454257145598,True,False,True
338,1,1,41.0,0,0,134.5,1,0.9003840247060911,0.2625265161540666,False,False,False
339,1,3,45.0,0,0,8.05,1,1.208606780744153,0.015712553569072387,True,False,True
340,0,1,45.0,0,0,35.5,1,1.208606780744153,0.06929138530460494,True,False,True
341,1,2,2.0,1,1,26.0,3,-2.104787846665011,0.050748620223090936,True,False,True
342,1,1,24.0,3,2,263.0,6,-0.4095626884556714,0.5133418122566507,False,False,True
343,0,2,28.0,0,0,13.0,1,-0.10133993241760961,0.025374310111545468,True,False,True
344,0,2,25.0,0,0,13.0,1,-0.3325069994461559,0.025374310111545468,True,False,True
345,0,2,36.0,0,0,13.0,1,0.5151055796585139,0.025374310111545468,True,False,True
346,1,2,24.0,0,0,13.0,1,-0.4095626884556714,0.025374310111545468,False,False,True
347,1,2,40.0,0,0,13.0,1,0.8233283356965757,0.025374310111545468,False,False,True
348,1,3,28.0,1,0,16.1,2,-0.10133993241760961,0.031425107138144774,False,False,True
349,1,3,3.0,1,1,15.9,3,-2.0277321576554956,0.031034733136428686,True,False,True
350,0,3,42.0,0,0,8.6625,1,0.9774397137156066,0.016908073949327893,True,False,True
351,0,3,23.0,0,0,9.225,1,-0.4866183774651868,0.01800600082915438,True,False,True
352,0,1,28.0,0,0,35.0,1,-0.10133993241760961,0.06831545030031472,True,False,True
353,0,3,15.0,1,1,7.2292,3,-1.1030638895413103,0.014110458666029575,True,False,False
354,0,3,25.0,1,0,17.8,2,-0.3325069994461559,0.034743286152731485,True,False,True
355,0,3,28.0,0,0,7.225,1,-0.10133993241760961,0.014102260811993537,True,False,False
356,0,3,28.0,0,0,9.5,1,-0.10133993241760961,0.018542765081513996,True,False,True
357,1,1,22.0,0,1,55.0,2,-0.5636740664747023,0.10735285047192313,False,False,True
358,0,2,38.0,0,0,13.0,1,0.6692169576775449,0.025374310111545468,False,False,True
359,1,3,28.0,0,0,7.8792,1,-0.10133993241760961,0.01537917417160685,False,True,False
360,1,3,28.0,0,0,7.8792,1,-0.10133993241760961,0.01537917417160685,False,True,False
361,0,3,40.0,1,4,27.9,6,0.8233283356965757,0.05445717323939373,True,False,True
362,0,2,29.0,1,0,27.7208,2,-0.024284243408094167,0.05410739813385612,True,False,False
363,0,3,45.0,0,1,14.4542,2,1.208606780744153,0.028212719478023115,False,False,False
364,0,3,35.0,0,0,7.05,1,0.4380498906489985,0.013760683560491965,True,False,True
365,0,3,28.0,1,0,15.5,2,-0.10133993241760961,0.030253985132996517,True,True,False
366,0,3,30.0,0,0,7.25,1,0.052771445601421274,0.014151057562208049,True,False,True
367,1,1,60.0,1,0,75.25,2,2.3644421158868845,0.14687821814567664,False,False,False
368,1,3,28.0,0,0,7.2292,1,-0.10133993241760961,0.014110458666029575,False,False,False
369,1,3,28.0,0,0,7.75,1,-0.10133993241760961,0.015126992566498259,False,True,False
370,1,1,24.0,0,0,69.3,1,-0.4095626884556714,0.13526459159462315,False,False,False
371,1,1,25.0,1,0,55.4417,2,-0.3325069994461559,0.1082149914547131,True,False,False
372,0,3,18.0,1,0,6.4958,2,-0.871896822512764,0.012678957201736696,True,False,True
373,0,3,19.0,0,0,8.05,1,-0.7948411335032486,0.015712553569072387,True,False,True
374,0,1,22.0,0,0,135.6333,1,-0.5636740664747023,0.2647385704347907,True,False,False
375,0,3,3.0,3,1,21.075,5,-2.0277321576554956,0.04113566043083236,False,False,True
376,1,1,28.0,1,0,82.1708,2,-0.10133993241760961,0.16038672010106003,False,False,False
377,1,3,22.0,0,0,7.25,1,-0.5636740664747023,0.014151057562208049,False,False,True
378,0,1,27.0,0,2,211.5,3,-0.17839562142712506,0.41282050681475896,True,False,False
379,0,3,20.0,0,0,4.0125,1,-0.7177854444937332,0.007831878409428937,True,False,False
380,0,3,19.0,0,0,7.775,1,-0.7948411335032486,0.015175789316712771,True,False,True
381,1,1,42.0,0,0,227.525,1,0.9774397137156066,0.4440992237022602,False,False,False
382,1,3,1.0,0,2,15.7417,3,-2.1818435356745267,0.030725752114070404,False,False,False
383,0,3,32.0,0,0,7.925,1,0.20688282362045216,0.015468569817999833,True,False,True
384,1,1,35.0,1,0,52.0,2,0.4380498906489985,0.10149724044618187,False,False,True
385,0,3,28.0,0,0,7.8958,1,-0.10133993241760961,0.015411575213749286,True,False,True
386,0,2,18.0,0,0,73.5,1,-0.871896822512764,0.1434624456306609,True,False,True
387,0,3,1.0,5,2,46.9,8,-2.1818435356745267,0.09154270340242172,True,False,True
388,1,2,36.0,0,0,13.0,1,0.5151055796585139,0.025374310111545468,False,False,True
389,0,3,28.0,0,0,7.7292,1,-0.10133993241760961,0.015086393670319786,True,True,False
390,1,2,17.0,0,0,12.0,1,-0.9489525115222794,0.023422440102965045,False,False,False
391,1,1,36.0,1,2,120.0,4,0.5151055796585139,0.23422440102965048,True,False,True
392,1,3,21.0,0,0,7.7958,1,-0.6407297554842177,0.015216388212891242,True,False,True
393,0,3,28.0,2,0,7.925,3,-0.10133993241760961,0.015468569817999833,True,False,True
394,1,1,23.0,1,0,113.275,2,-0.4866183774651868,0.22109807522194713,False,False,False
395,1,3,24.0,0,2,16.7,3,-0.4095626884556714,0.03259622914329302,False,False,True
396,0,3,22.0,0,0,7.7958,1,-0.5636740664747023,0.015216388212891242,True,False,True
397,0,3,31.0,0,0,7.8542,1,0.12982713461093673,0.015330377421392339,False,False,True
398,0,2,46.0,0,0,26.0,1,1.2856624697536683,0.050748620223090936,True,False,True
399,0,2,23.0,0,0,10.5,1,-0.4866183774651868,0.020494635090094415,True,False,True
400,1,2,28.0,0,0,12.65,1,-0.10133993241760961,0.02469115560854232,False,False,True
401,1,3,39.0,0,0,7.925,1,0.7462726466870603,0.015468569817999833,True,False,True
402,0,3,26.0,0,0,8.05,1,-0.2554513104366405,0.015712553569072387,True,False,True
403,0,3,21.0,1,0,9.825,2,-0.6407297554842177,0.019177122834302632,False,False,True
404,0,3,28.0,1,0,15.85,2,-0.10133993241760961,0.030937139635999665,True,False,True
405,0,3,20.0,0,0,8.6625,1,-0.7177854444937332,0.016908073949327893,False,False,True
406,0,2,34.0,1,0,21.0,2,0.36099420163948304,0.04098927018018883,True,False,True
407,0,3,51.0,0,0,7.75,1,1.6709409148012455,0.015126992566498259,True,False,True
408,1,2,3.0,1,1,18.75,3,-2.0277321576554956,0.03659756266088288,True,False,True
409,0,3,21.0,0,0,7.775,1,-0.6407297554842177,0.015175789316712771,True,False,True
410,0,3,28.0,3,1,25.4667,5,-0.10133993241760961,0.049707687947515,False,False,True
411,0,3,28.0,0,0,7.8958,1,-0.10133993241760961,0.015411575213749286,True,False,True
412,0,3,28.0,0,0,6.8583,1,-0.10133993241760961,0.013386510079847098,True,True,False
413,1,1,33.0,1,0,90.0,2,0.2839385126299676,0.17566830077223786,False,True,False
414,0,2,28.0,0,0,0.0,1,-0.10133993241760961,0.0,True,False,True
415,1,3,44.0,0,0,7.925,1,1.1315510917346374,0.015468569817999833,True,False,True
416,0,3,28.0,0,0,8.05,1,-0.10133993241760961,0.015712553569072387,False,False,True
417,1,2,34.0,1,1,32.5,3,0.36099420163948304,0.06343577527886367,False,False,True
418,1,2,18.0,0,2,13.0,3,-0.871896822512764,0.025374310111545468,False,False,True
419,0,2,30.0,0,0,13.0,1,0.052771445601421274,0.025374310111545468,True,False,True
420,0,3,10.0,0,2,24.15,3,-1.4883423345888875,0.04713766070721715,False,False,True
421,0,3,28.0,0,0,7.8958,1,-0.10133993241760961,0.015411575213749286,True,False,False
422,0,3,21.0,0,0,7.7333,1,-0.6407297554842177,0.015094396337354966,True,True,False
423,0,3,29.0,0,0,7.875,1,-0.024284243408094167,0.015370976317570811,True,False,True
424,0,3,28.0,1,1,14.4,3,-0.10133993241760961,0.028106928123558056,False,False,True
425,0,3,18.0,1,1,20.2125,3,-0.871896822512764,0.039452172548431745,True,False,True
426,0,3,28.0,0,0,7.25,1,-0.10133993241760961,0.014151057562208049,True,False,True
427,1,2,28.0,1,0,26.0,2,-0.10133993241760961,0.050748620223090936,False,False,True
428,1,2,19.0,0,0,26.0,1,-0.7948411335032486,0.050748620223090936,False,False,True
429,0,3,28.0,0,0,7.75,1,-0.10133993241760961,0.015126992566498259,True,True,False
430,1,3,32.0,0,0,8.05,1,0.20688282362045216,0.015712553569072387,True,False,True
431,1,1,28.0,0,0,26.55,1,-0.10133993241760961,0.051822148727810165,True,False,True
432,1,3,28.0,1,0,16.1,2,-0.10133993241760961,0.031425107138144774,False,False,True
433,1,2,42.0,1,0,26.0,2,0.9774397137156066,0.050748620223090936,False,False,True
434,0,3,17.0,0,0,7.125,1,-0.9489525115222794,0.013907073811135496,True,False,True
435,0,1,50.0,1,0,55.9,2,1.5938852257917302,0.1091095334796455,True,False,True
436,1,1,14.0,1,2,120.0,4,-1.1801195785508258,0.23422440102965048,False,False,True
437,0,3,21.0,2,2,34.375,5,-0.6407297554842177,0.06709553154495196,False,False,True
438,1,2,24.0,2,3,18.75,6,-0.4095626884556714,0.03659756266088288,False,False,True
439,0,1,64.0,1,4,263.0,6,2.6726648719249466,0.5133418122566507,True,False,True
440,0,2,31.0,0,0,10.5,1,0.12982713461093673,0.020494635090094415,True,False,True
441,1,2,45.0,1,1,26.25,3,1.208606780744153,0.05123658772523604,False,False,True
442,0,3,20.0,0,0,9.5,1,-0.7177854444937332,0.018542765081513996,True,False,True
443,0,3,25.0,1,0,7.775,2,-0.3325069994461559,0.015175789316712771,True,False,True
444,1,2,28.0,0,0,13.0,1,-0.10133993241760961,0.025374310111545468,False,False,True
445,1,3,28.0,0,0,8.1125,1,-0.10133993241760961,0.015834545444608664,True,False,True
446,1,1,4.0,0,2,81.8583,3,-1.9506764686459803,0.15977676072337862,True,False,True
447,1,2,13.0,0,1,19.5,2,-1.2571752675603414,0.038061465167318204,False,False,True
448,1,1,34.0,0,0,26.55,1,0.36099420163948304,0.051822148727810165,True,False,True
449,1,3,5.0,2,1,19.2583,4,-1.8736207796364648,0.03758969818624431,False,False,False
450,1,1,52.0,0,0,30.5,1,1.747996603810761,0.05953203526170282,True,False,True
451,0,2,36.0,1,2,27.75,4,0.5151055796585139,0.05416439273810667,True,False,True
452,0,3,28.0,1,0,19.9667,2,-0.10133993241760961,0.03897240290032268,True,False,True
453,0,1,30.0,0,0,27.75,1,0.052771445601421274,0.05416439273810667,True,False,False
454,1,1,49.0,1,0,89.1042,2,1.5168295367822147,0.17391981561855152,True,False,False
455,0,3,28.0,0,0,8.05,1,-0.10133993241760961,0.015712553569072387,True,False,True
456,1,3,29.0,0,0,7.8958,1,-0.024284243408094167,0.015411575213749286,True,False,False
457,0,1,65.0,0,0,26.55,1,2.749720560934462,0.051822148727810165,True,False,True
458,1,1,28.0,1,0,51.8625,2,-0.10133993241760961,0.10122885832000206,False,False,True
459,1,2,50.0,0,0,10.5,1,1.5938852257917302,0.020494635090094415,False,False,True
460,0,3,28.0,0,0,7.75,1,-0.10133993241760961,0.015126992566498259,True,True,False
461,1,1,48.0,0,0,26.55,1,1.4397738477726993,0.051822148727810165,True,False,True
462,0,3,34.0,0,0,8.05,1,0.36099420163948304,0.015712553569072387,True,False,True
463,0,1,47.0,0,0,38.5,1,1.3627181587631838,0.07514699533034619,True,False,True
464,0,2,48.0,0,0,13.0,1,1.4397738477726993,0.025374310111545468,True,False,True
465,0,3,28.0,0,0,8.05,1,-0.10133993241760961,0.015712553569072387,True,False,True
466,0,3,38.0,0,0,7.05,1,0.6692169576775449,0.013760683560491965,True,False,True
467,0,2,28.0,0,0,0.0,1,-0.10133993241760961,0.0,True,False,True
468,0,1,56.0,0,0,26.55,1,2.0562193598488228,0.051822148727810165,True,False,True
469,0,3,28.0,0,0,7.725,1,-0.10133993241760961,0.015078195816283748,True,True,False
470,1,3,0.75,2,1,19.2583,4,-2.2011074579269057,0.03758969818624431,False,False,False
471,0,3,28.0,0,0,7.25,1,-0.10133993241760961,0.014151057562208049,True,False,True
472,0,3,38.0,0,0,8.6625,1,0.6692169576775449,0.016908073949327893,True,False,True
473,1,2,33.0,1,2,27.75,4,0.2839385126299676,0.05416439273810667,False,False,True
474,1,2,23.0,0,0,13.7917,1,-0.4866183774651868,0.026919605597338588,False,False,False
475,0,3,22.0,0,0,9.8375,1,-0.5636740664747023,0.019201521209409888,False,False,True
476,0,1,28.0,0,0,52.0,1,-0.10133993241760961,0.10149724044618187,True,False,True
477,0,2,34.0,1,0,21.0,2,0.36099420163948304,0.04098927018018883,True,False,True
478,0,3,29.0,1,0,7.0458,2,-0.024284243408094167,0.013752485706455927,True,False,True
479,0,3,22.0,0,0,7.5208,1,-0.5636740664747023,0.014679623960531627,True,False,True
480,1,3,2.0,0,1,12.2875,2,-2.104787846665011,0.023983602730431916,False,False,True
481,0,3,9.0,5,2,46.9,8,-1.565398023598403,0.09154270340242172,True,False,True
482,0,2,28.0,0,0,0.0,1,-0.10133993241760961,0.0,True,False,True
483,0,3,50.0,0,0,8.05,1,1.5938852257917302,0.015712553569072387,True,False,True
484,1,3,63.0,0,0,9.5875,1,2.5956091829154313,0.018713553707264782,False,False,True
485,1,1,25.0,1,0,91.0792,2,-0.3325069994461559,0.17777475888549785,True,False,False
486,0,3,28.0,3,1,25.4667,5,-0.10133993241760961,0.049707687947515,False,False,True
487,1,1,35.0,1,0,90.0,2,0.4380498906489985,0.17566830077223786,False,False,True
488,0,1,58.0,0,0,29.7,1,2.210330737867854,0.057970539254838485,True,False,False
489,0,3,30.0,0,0,8.05,1,0.052771445601421274,0.015712553569072387,True,False,True
490,1,3,9.0,1,1,15.9,3,-1.565398023598403,0.031034733136428686,True,False,True
491,0,3,28.0,1,0,19.9667,2,-0.10133993241760961,0.03897240290032268,True,False,True
492,0,3,21.0,0,0,7.25,1,-0.6407297554842177,0.014151057562208049,True,False,True
493,0,1,55.0,0,0,30.5,1,1.9791636708393074,0.05953203526170282,True,False,True
494,0,1,71.0,0,0,49.5042,1,3.2120546949915547,0.09662576327876685,True,False,False
495,0,3,21.0,0,0,8.05,1,-0.6407297554842177,0.015712553569072387,True,False,True
496,0,3,28.0,0,0,14.4583,1,-0.10133993241760961,0.028220722145058292,True,False,False
497,1,1,54.0,1,0,78.2667,2,1.902107981829792,0.1527664244005612,False,False,False
498,0,3,28.0,0,0,15.1,1,-0.10133993241760961,0.029473237129564348,True,False,True
499,0,1,25.0,1,2,151.55,4,-0.3325069994461559,0.29580589980036276,False,False,True
500,0,3,24.0,0,0,7.7958,1,-0.4095626884556714,0.015216388212891242,True,False,True
501,0,3,17.0,0,0,8.6625,1,-0.9489525115222794,0.016908073949327893,True,False,True
502,0,3,21.0,0,0,7.75,1,-0.6407297554842177,0.015126992566498259,False,True,False
503,0,3,28.0,0,0,7.6292,1,-0.10133993241760961,0.014891206669461744,False,True,False
504,0,3,37.0,0,0,9.5875,1,0.5921612686680294,0.018713553707264782,False,False,True
505,1,1,16.0,0,0,86.5,1,-1.026008200531795,0.16883675574220638,False,False,True
506,0,1,18.0,1,0,108.9,2,-0.871896822512764,0.2125586439344078,True,False,False
507,1,2,33.0,0,2,26.0,3,0.2839385126299676,0.050748620223090936,False,False,True
508,1,1,28.0,0,0,26.55,1,-0.10133993241760961,0.051822148727810165,True,False,True
509,0,3,28.0,0,0,22.525,1,-0.10133993241760961,0.04396587194327397,True,False,True
510,1,3,26.0,0,0,56.4958,1,-0.2554513104366405,0.11027245763075773,True,False,True
511,1,3,29.0,0,0,7.75,1,-0.024284243408094167,0.015126992566498259,True,True,False
512,0,3,28.0,0,0,8.05,1,-0.10133993241760961,0.015712553569072387,True,False,True
513,1,1,36.0,0,0,26.2875,1,0.5151055796585139,0.05130978285055781,True,False,True
514,1,1,54.0,1,0,59.4,2,1.902107981829792,0.11594107850967697,False,False,False
515,0,3,24.0,0,0,7.4958,1,-0.4095626884556714,0.014630827210317117,True,False,True
516,0,1,47.0,0,0,34.0208,1,1.3627181587631838,0.06640417918791278,True,False,True
517,1,2,34.0,0,0,10.5,1,0.36099420163948304,0.020494635090094415,False,False,True
518,0,3,28.0,0,0,24.15,1,-0.10133993241760961,0.04713766070721715,True,True,False
519,1,2,36.0,1,0,26.0,2,0.5151055796585139,0.050748620223090936,False,False,True
520,0,3,32.0,0,0,7.8958,1,0.20688282362045216,0.015411575213749286,True,False,True
521,1,1,30.0,0,0,93.5,1,0.052771445601421274,0.18249984580226933,False,False,True
522,0,3,22.0,0,0,7.8958,1,-0.5636740664747023,0.015411575213749286,True,False,True
523,0,3,28.0,0,0,7.225,1,-0.10133993241760961,0.014102260811993537,True,False,False
524,1,1,44.0,0,1,57.9792,2,1.1315510917346374,0.11316786160148591,False,False,False
525,0,3,28.0,0,0,7.2292,1,-0.10133993241760961,0.014110458666029575,True,False,False
526,0,3,40.5,0,0,7.75,1,0.8618561802013335,0.015126992566498259,True,True,False
527,1,2,50.0,0,0,10.5,1,1.5938852257917302,0.020494635090094415,False,False,True
528,0,1,28.0,0,0,221.7792,1,-0.10133993241760961,0.4328841690069588,True,False,True
529,0,3,39.0,0,0,7.925,1,0.7462726466870603,0.015468569817999833,True,False,True
530,0,2,23.0,2,1,11.5,4,-0.4866183774651868,0.022446505098674838,True,False,True
531,1,2,2.0,1,1,26.0,3,-2.104787846665011,0.050748620223090936,False,False,True
532,0,3,28.0,0,0,7.2292,1,-0.10133993241760961,0.014110458666029575,True,False,False
533,0,3,17.0,1,1,7.2292,3,-0.9489525115222794,0.014110458666029575,True,False,False
534,1,3,28.0,0,2,22.3583,3,-0.10133993241760961,0.04364049521284362,False,False,False
535,0,3,30.0,0,0,8.6625,1,0.052771445601421274,0.016908073949327893,False,False,True
536,1,2,7.0,0,2,26.25,3,-1.719509401617434,0.05123658772523604,False,False,True
537,0,1,45.0,0,0,26.55,1,1.208606780744153,0.051822148727810165,True,False,True
538,1,1,30.0,0,0,106.425,1,0.052771445601421274,0.20772776566317125,False,False,False
539,0,3,28.0,0,0,14.5,1,-0.10133993241760961,0.028302115124416098,True,False,True
540,1,1,22.0,0,2,49.5,3,-0.5636740664747023,0.09661756542473082,False,False,False
541,1,1,36.0,0,2,71.0,3,0.5151055796585139,0.13858277060920987,False,False,True
542,0,3,9.0,4,2,31.275,7,-1.565398023598403,0.06104473451835265,False,False,True
543,0,3,11.0,4,2,31.275,7,-1.4112866455793722,0.06104473451835265,False,False,True
544,1,2,32.0,1,0,26.0,2,0.20688282362045216,0.050748620223090936,True,False,True
545,0,1,50.0,1,0,106.425,2,1.5938852257917302,0.20772776566317125,True,False,False
546,0,1,64.0,0,0,26.0,1,2.6726648719249466,0.050748620223090936,True,False,True
547,1,2,19.0,1,0,26.0,2,-0.7948411335032486,0.050748620223090936,False,False,True
548,1,2,28.0,0,0,13.8625,1,-0.10133993241760961,0.02705779799394608,True,False,False
549,0,3,33.0,1,1,20.525,3,0.2839385126299676,0.04006213192611313,True,False,True
550,1,2,8.0,1,1,36.75,3,-1.6424537126079184,0.07173122281533045,True,False,True
551,1,1,17.0,0,2,110.8833,3,-0.9489525115222794,0.21642978772242535,True,False,False
552,0,2,27.0,0,0,26.0,1,-0.17839562142712506,0.050748620223090936,True,False,True
553,0,3,28.0,0,0,7.8292,1,-0.10133993241760961,0.015281580671177828,True,True,False
554,1,3,22.0,0,0,7.225,1,-0.5636740664747023,0.014102260811993537,True,False,False
555,1,3,22.0,0,0,7.775,1,-0.5636740664747023,0.015175789316712771,False,False,True
556,0,1,62.0,0,0,26.55,1,2.5185534939059155,0.051822148727810165,True,False,True
557,1,1,48.0,1,0,39.6,2,1.4397738477726993,0.07729405233978466,False,False,False
558,0,1,28.0,0,0,227.525,1,-0.10133993241760961,0.4440992237022602,True,False,False
559,1,1,39.0,1,1,79.65,3,0.7462726466870603,0.1554664461834305,False,False,True
560,1,3,36.0,1,0,17.4,2,0.5151055796585139,0.033962538149299316,False,False,True
561,0,3,28.0,0,0,7.75,1,-0.10133993241760961,0.015126992566498259,True,True,False
562,0,3,40.0,0,0,7.8958,1,0.8233283356965757,0.015411575213749286,True,False,True
563,0,2,28.0,0,0,13.5,1,-0.10133993241760961,0.026350245115835676,True,False,True
564,0,3,28.0,0,0,8.05,1,-0.10133993241760961,0.015712553569072387,True,False,True
565,0,3,28.0,0,0,8.05,1,-0.10133993241760961,0.015712553569072387,False,False,True
566,0,3,24.0,2,0,24.15,3,-0.4095626884556714,0.04713766070721715,True,False,True
567,0,3,19.0,0,0,7.8958,1,-0.7948411335032486,0.015411575213749286,True,False,True
568,0,3,29.0,0,4,21.075,5,-0.024284243408094167,0.04113566043083236,False,False,True
569,0,3,28.0,0,0,7.2292,1,-0.10133993241760961,0.014110458666029575,True,False,False
570,1,3,32.0,0,0,7.8542,1,0.20688282362045216,0.015330377421392339,True,False,True
571,1,2,62.0,0,0,10.5,1,2.5185534939059155,0.020494635090094415,True,False,True
572,1,1,53.0,2,0,51.4792,3,1.8250522928202764,0.10048070654571319,False,False,True
573,1,1,36.0,0,0,26.3875,1,0.5151055796585139,0.051504969851415845,True,False,True
574,1,3,28.0,0,0,7.75,1,-0.10133993241760961,0.015126992566498259,False,True,False
575,0,3,16.0,0,0,8.05,1,-1.026008200531795,0.015712553569072387,True,False,True
576,0,3,19.0,0,0,14.5,1,-0.7948411335032486,0.028302115124416098,True,False,True
577,1,2,34.0,0,0,13.0,1,0.36099420163948304,0.025374310111545468,False,False,True
578,1,1,39.0,1,0,55.9,2,0.7462726466870603,0.1091095334796455,False,False,True
579,0,3,28.0,1,0,14.4583,2,-0.10133993241760961,0.028220722145058292,False,False,False
580,1,3,32.0,0,0,7.925,1,0.20688282362045216,0.015468569817999833,True,False,True
581,1,2,25.0,1,1,30.0,3,-0.3325069994461559,0.05855610025741262,False,False,True
582,1,1,39.0,1,1,110.8833,3,0.7462726466870603,0.21642978772242535,False,False,False
583,0,2,54.0,0,0,26.0,1,1.902107981829792,0.050748620223090936,True,False,True
584,0,1,36.0,0,0,40.125,1,0.5151055796585139,0.07831878409428937,True,False,False
585,0,3,28.0,0,0,8.7125,1,-0.10133993241760961,0.017005667449756914,True,False,False
586,1,1,18.0,0,2,79.65,3,-0.871896822512764,0.1554664461834305,False,False,True
587,0,2,47.0,0,0,15.0,1,1.3627181587631838,0.02927805012870631,True,False,True
588,1,1,60.0,1,1,79.2,3,2.3644421158868845,0.15458810467956932,True,False,False
589,0,3,22.0,0,0,8.05,1,-0.5636740664747023,0.015712553569072387,True,False,True
590,0,3,28.0,0,0,8.05,1,-0.10133993241760961,0.015712553569072387,True,False,True
591,0,3,35.0,0,0,7.125,1,0.4380498906489985,0.013907073811135496,True,False,True
592,1,1,52.0,1,0,78.2667,2,1.747996603810761,0.1527664244005612,False,False,False
593,0,3,47.0,0,0,7.25,1,1.3627181587631838,0.014151057562208049,True,False,True
594,0,3,28.0,0,2,7.75,3,-0.10133993241760961,0.015126992566498259,False,True,False
595,0,2,37.0,1,0,26.0,2,0.5921612686680294,0.050748620223090936,True,False,True
596,0,3,36.0,1,1,24.15,3,0.5151055796585139,0.04713766070721715,True,False,True
597,1,2,28.0,0,0,33.0,1,-0.10133993241760961,0.06441171028315387,False,False,True
598,0,3,49.0,0,0,0.0,1,1.5168295367822147,0.0,True,False,True
599,0,3,28.0,0,0,7.225,1,-0.10133993241760961,0.014102260811993537,True,False,False
600,1,1,49.0,1,0,56.9292,2,1.5168295367822147,0.11111839809247648,True,False,False
601,1,2,24.0,2,1,27.0,4,-0.4095626884556714,0.05270049023167135,False,False,True
602,0,3,28.0,0,0,7.8958,1,-0.10133993241760961,0.015411575213749286,True,False,True
603,0,1,28.0,0,0,42.4,1,-0.10133993241760961,0.08275928836380983,True,False,True
604,0,3,44.0,0,0,8.05,1,1.1315510917346374,0.015712553569072387,True,False,True
605,1,1,35.0,0,0,26.55,1,0.4380498906489985,0.051822148727810165,True,False,False
606,0,3,36.0,1,0,15.55,2,0.5151055796585139,0.030351578633425542,True,False,True
607,0,3,30.0,0,0,7.8958,1,0.052771445601421274,0.015411575213749286,True,False,True
608,1,1,27.0,0,0,30.5,1,-0.17839562142712506,0.05953203526170282,True,False,True
609,1,2,22.0,1,2,41.5792,4,-0.5636740664747023,0.08115719346076702,False,False,False
610,1,1,40.0,0,0,153.4625,1,0.8233283356965757,0.2995388511917728,False,False,True
611,0,3,39.0,1,5,31.275,7,0.7462726466870603,0.06104473451835265,False,False,True
612,0,3,28.0,0,0,7.05,1,-0.10133993241760961,0.013760683560491965,True,False,True
613,1,3,28.0,1,0,15.5,2,-0.10133993241760961,0.030253985132996517,False,True,False
614,0,3,28.0,0,0,7.75,1,-0.10133993241760961,0.015126992566498259,True,True,False
615,0,3,35.0,0,0,8.05,1,0.4380498906489985,0.015712553569072387,True,False,True
616,1,2,24.0,1,2,65.0,4,-0.4095626884556714,0.12687155055772734,False,False,True
617,0,3,34.0,1,1,14.4,3,0.36099420163948304,0.028106928123558056,True,False,True
618,0,3,26.0,1,0,16.1,2,-0.2554513104366405,0.031425107138144774,False,False,True
619,1,2,4.0,2,1,39.0,4,-1.9506764686459803,0.07612293033463641,False,False,True
620,0,2,26.0,0,0,10.5,1,-0.2554513104366405,0.020494635090094415,True,False,True
621,0,3,27.0,1,0,14.4542,2,-0.17839562142712506,0.028212719478023115,True,False,False
622,1,1,42.0,1,0,52.5542,2,0.9774397137156066,0.10257896680493714,True,False,True
623,1,3,20.0,1,1,15.7417,3,-0.7177854444937332,0.030725752114070404,True,False,False
624,0,3,21.0,0,0,7.8542,1,-0.6407297554842177,0.015330377421392339,True,False,True
625,0,3,21.0,0,0,16.1,1,-0.6407297554842177,0.031425107138144774,True,False,True
626,0,1,61.0,0,0,32.3208,1,2.4414978048964002,0.06308600017332605,True,False,True
627,0,2,57.0,0,0,12.35,1,2.133275048858338,0.024105594605968193,True,True,False
628,1,1,21.0,0,0,77.9583,1,-0.6407297554842177,0.15216446768991498,False,False,True
629,0,3,26.0,0,0,7.8958,1,-0.2554513104366405,0.015411575213749286,True,False,True
630,0,3,28.0,0,0,7.7333,1,-0.10133993241760961,0.015094396337354966,True,True,False
631,1,1,80.0,0,0,30.0,1,3.905555896077194,0.05855610025741262,True,False,True
632,0,3,51.0,0,0,7.0542,1,1.6709409148012455,0.013768881414528002,True,False,True
633,1,1,32.0,0,0,30.5,1,0.20688282362045216,0.05953203526170282,True,False,False
634,0,1,28.0,0,0,0.0,1,-0.10133993241760961,0.0,True,False,True
635,0,3,9.0,3,2,27.9,6,-1.565398023598403,0.05445717323939373,False,False,True
636,1,2,28.0,0,0,13.0,1,-0.10133993241760961,0.025374310111545468,False,False,True
637,0,3,32.0,0,0,7.925,1,0.20688282362045216,0.015468569817999833,True,False,True
638,0,2,31.0,1,1,26.25,3,0.12982713461093673,0.05123658772523604,True,False,True
639,0,3,41.0,0,5,39.6875,6,0.9003840247060911,0.07746484096553544,False,False,True
640,0,3,28.0,1,0,16.1,2,-0.10133993241760961,0.031425107138144774,True,False,True
641,0,3,20.0,0,0,7.8542,1,-0.7177854444937332,0.015330377421392339,True,False,True
642,1,1,24.0,0,0,69.3,1,-0.4095626884556714,0.13526459159462315,False,False,False
643,0,3,2.0,3,2,27.9,6,-2.104787846665011,0.05445717323939373,False,False,True
644,1,3,28.0,0,0,56.4958,1,-0.10133993241760961,0.11027245763075773,True,False,True
645,1,3,0.75,2,1,19.2583,4,-2.2011074579269057,0.03758969818624431,False,False,False
646,1,1,48.0,1,0,76.7292,2,1.4397738477726993,0.1497654242623688,True,False,False
647,0,3,19.0,0,0,7.8958,1,-0.7948411335032486,0.015411575213749286,True,False,True
648,1,1,56.0,0,0,35.5,1,2.0562193598488228,0.06929138530460494,True,False,False
649,0,3,28.0,0,0,7.55,1,-0.10133993241760961,0.014736618564782174,True,False,True
650,1,3,23.0,0,0,7.55,1,-0.4866183774651868,0.014736618564782174,False,False,True
651,0,3,28.0,0,0,7.8958,1,-0.10133993241760961,0.015411575213749286,True,False,True
652,1,2,18.0,0,1,23.0,2,-0.871896822512764,0.044893010197349675,False,False,True
653,0,3,21.0,0,0,8.4333,1,-0.6407297554842177,0.01646070534336126,True,False,True
654,1,3,28.0,0,0,7.8292,1,-0.10133993241760961,0.015281580671177828,False,True,False
655,0,3,18.0,0,0,6.75,1,-0.871896822512764,0.013175122557917838,False,True,False
656,0,2,24.0,2,0,73.5,3,-0.4095626884556714,0.1434624456306609,True,False,True
657,0,3,28.0,0,0,7.8958,1,-0.10133993241760961,0.015411575213749286,True,False,True
658,0,3,32.0,1,1,15.5,3,0.20688282362045216,0.030253985132996517,False,True,False
659,0,2,23.0,0,0,13.0,1,-0.4866183774651868,0.025374310111545468,True,False,True
660,0,1,58.0,0,2,113.275,3,2.210330737867854,0.22109807522194713,True,False,False
661,1,1,50.0,2,0,133.65,3,1.5938852257917302,0.2608674266467732,True,False,True
662,0,3,40.0,0,0,7.225,1,0.8233283356965757,0.014102260811993537,True,False,False
663,0,1,47.0,0,0,25.5875,1,1.3627181587631838,0.04994347384455151,True,False,True
664,0,3,36.0,0,0,7.4958,1,0.5151055796585139,0.014630827210317117,True,False,True
665,1,3,20.0,1,0,7.925,2,-0.7177854444937332,0.015468569817999833,True,False,True
666,0,2,32.0,2,0,73.5,3,0.20688282362045216,0.1434624456306609,True,False,True
667,0,2,25.0,0,0,13.0,1,-0.3325069994461559,0.025374310111545468,True,False,True
668,0,3,28.0,0,0,7.775,1,-0.10133993241760961,0.015175789316712771,True,False,True
669,0,3,43.0,0,0,8.05,1,1.054495402725122,0.015712553569072387,True,False,True
670,1,1,28.0,1,0,52.0,2,-0.10133993241760961,0.10149724044618187,False,False,True
671,1,2,40.0,1,1,39.0,3,0.8233283356965757,0.07612293033463641,False,False,True
672,0,1,31.0,1,0,52.0,2,0.12982713461093673,0.10149724044618187,True,False,True
673,0,2,70.0,0,0,10.5,1,3.1349990059820394,0.020494635090094415,True,False,True
674,1,2,31.0,0,0,13.0,1,0.12982713461093673,0.025374310111545468,True,False,True
675,0,2,28.0,0,0,0.0,1,-0.10133993241760961,0.0,True,False,True
676,0,3,18.0,0,0,7.775,1,-0.871896822512764,0.015175789316712771,True,False,True
677,0,3,24.5,0,0,8.05,1,-0.3710348439509137,0.015712553569072387,True,False,True
678,1,3,18.0,0,0,9.8417,1,-0.871896822512764,0.019209719063445922,False,False,True
679,0,3,43.0,1,6,46.9,8,1.054495402725122,0.09154270340242172,False,False,True
680,1,1,36.0,0,1,512.3292,2,0.5151055796585139,1.0,True,False,False
681,0,3,28.0,0,0,8.1375,1,-0.10133993241760961,0.01588334219482317,False,True,False
682,1,1,27.0,0,0,76.7292,1,-0.17839562142712506,0.1497654242623688,True,False,False
683,0,3,20.0,0,0,9.225,1,-0.7177854444937332,0.01800600082915438,True,False,True
684,0,3,14.0,5,2,46.9,8,-1.1801195785508258,0.09154270340242172,True,False,True
685,0,2,60.0,1,1,39.0,3,2.3644421158868845,0.07612293033463641,True,False,True
686,0,2,25.0,1,2,41.5792,4,-0.3325069994461559,0.08115719346076702,True,False,False
687,0,3,14.0,4,1,39.6875,6,-1.1801195785508258,0.07746484096553544,True,False,True
688,0,3,19.0,0,0,10.1708,1,-0.7948411335032486,0.019852079483269742,True,False,True
689,0,3,18.0,0,0,7.7958,1,-0.871896822512764,0.015216388212891242,True,False,True
690,1,1,15.0,0,1,211.3375,2,-1.1030638895413103,0.41250332793836464,False,False,True
691,1,1,31.0,1,0,57.0,2,0.12982713461093673,0.11125659048908397,True,False,True
692,1,3,4.0,0,1,13.4167,2,-1.9506764686459803,0.026187654344120927,False,False,False
693,1,3,28.0,0,0,56.4958,1,-0.10133993241760961,0.11027245763075773,True,False,True
694,0,3,25.0,0,0,7.225,1,-0.3325069994461559,0.014102260811993537,True,False,False
695,0,1,60.0,0,0,26.55,1,2.3644421158868845,0.051822148727810165,True,False,True
696,0,2,52.0,0,0,13.5,1,1.747996603810761,0.026350245115835676,True,False,True
697,0,3,44.0,0,0,8.05,1,1.1315510917346374,0.015712553569072387,True,False,True
698,1,3,28.0,0,0,7.7333,1,-0.10133993241760961,0.015094396337354966,False,True,False
699,0,1,49.0,1,1,110.8833,3,1.5168295367822147,0.21642978772242535,True,False,False
700,0,3,42.0,0,0,7.65,1,0.9774397137156066,0.014931805565640218,True,False,True
701,1,1,18.0,1,0,227.525,2,-0.871896822512764,0.4440992237022602,False,False,False
702,1,1,35.0,0,0,26.2875,1,0.4380498906489985,0.05130978285055781,True,False,True
703,0,3,18.0,0,1,14.4542,2,-0.871896822512764,0.028212719478023115,False,False,False
704,0,3,25.0,0,0,7.7417,1,-0.3325069994461559,0.015110792045427042,True,True,False
705,0,3,26.0,1,0,7.8542,2,-0.2554513104366405,0.015330377421392339,True,False,True
706,0,2,39.0,0,0,26.0,1,0.7462726466870603,0.050748620223090936,True,False,True
707,1,2,45.0,0,0,13.5,1,1.208606780744153,0.026350245115835676,False,False,True
708,1,1,42.0,0,0,26.2875,1,0.9774397137156066,0.05130978285055781,True,False,True
709,1,1,22.0,0,0,151.55,1,-0.5636740664747023,0.29580589980036276,False,False,True
710,1,3,28.0,1,1,15.2458,3,-0.10133993241760961,0.029757819776815374,True,False,False
711,1,1,24.0,0,0,49.5042,1,-0.4095626884556714,0.09662576327876685,False,False,False
712,0,1,28.0,0,0,26.55,1,-0.10133993241760961,0.051822148727810165,True,False,True
713,1,1,48.0,1,0,52.0,2,1.4397738477726993,0.10149724044618187,True,False,True
714,0,3,29.0,0,0,9.4833,1,-0.024284243408094167,0.018510168852370702,True,False,True
715,0,2,52.0,0,0,13.0,1,1.747996603810761,0.025374310111545468,True,False,True
716,0,3,19.0,0,0,7.65,1,-0.7948411335032486,0.014931805565640218,True,False,True
717,1,1,38.0,0,0,227.525,1,0.6692169576775449,0.4440992237022602,False,False,False
718,1,2,27.0,0,0,10.5,1,-0.17839562142712506,0.020494635090094415,False,False,True
719,0,3,28.0,0,0,15.5,1,-0.10133993241760961,0.030253985132996517,True,True,False
720,0,3,33.0,0,0,7.775,1,0.2839385126299676,0.015175789316712771,True,False,True
721,1,2,6.0,0,1,33.0,2,-1.7965650906269495,0.06441171028315387,False,False,True
722,0,3,17.0,1,0,7.0542,2,-0.9489525115222794,0.013768881414528002,True,False,True
723,0,2,34.0,0,0,13.0,1,0.36099420163948304,0.025374310111545468,True,False,True
724,0,2,50.0,0,0,13.0,1,1.5938852257917302,0.025374310111545468,True,False,True
725,1,1,27.0,1,0,53.1,2,-0.17839562142712506,0.10364429745562033,True,False,True
726,0,3,20.0,0,0,8.6625,1,-0.7177854444937332,0.016908073949327893,True,False,True
727,1,2,30.0,3,0,21.0,4,0.052771445601421274,0.04098927018018883,False,False,True
728,1,3,28.0,0,0,7.7375,1,-0.10133993241760961,0.015102594191391004,False,True,False
729,0,2,25.0,1,0,26.0,2,-0.3325069994461559,0.050748620223090936,True,False,True
730,0,3,25.0,1,0,7.925,2,-0.3325069994461559,0.015468569817999833,False,False,True
731,1,1,29.0,0,0,211.3375,1,-0.024284243408094167,0.41250332793836464,False,False,True
732,0,3,11.0,0,0,18.7875,1,-1.4112866455793722,0.036670757786204655,True,False,False
733,0,2,28.0,0,0,0.0,1,-0.10133993241760961,0.0,True,False,True
734,0,2,23.0,0,0,13.0,1,-0.4866183774651868,0.025374310111545468,True,False,True
735,0,2,23.0,0,0,13.0,1,-0.4866183774651868,0.025374310111545468,True,False,True
736,0,3,28.5,0,0,16.1,1,-0.0628120879128519,0.031425107138144774,True,False,True
737,0,3,48.0,1,3,34.375,5,1.4397738477726993,0.06709553154495196,False,False,True
738,1,1,35.0,0,0,512.3292,1,0.4380498906489985,1.0,True,False,False
739,0,3,28.0,0,0,7.8958,1,-0.10133993241760961,0.015411575213749286,True,False,True
740,0,3,28.0,0,0,7.8958,1,-0.10133993241760961,0.015411575213749286,True,False,True
741,1,1,28.0,0,0,30.0,1,-0.10133993241760961,0.05855610025741262,True,False,True
742,0,1,36.0,1,0,78.85,2,0.5151055796585139,0.15390495017656614,True,False,True
743,1,1,21.0,2,2,262.375,5,-0.6407297554842177,0.5121218935012878,False,False,False
744,0,3,24.0,1,0,16.1,2,-0.4095626884556714,0.031425107138144774,True,False,True
745,1,3,31.0,0,0,7.925,1,0.12982713461093673,0.015468569817999833,True,False,True
746,0,1,70.0,1,1,71.0,3,3.1349990059820394,0.13858277060920987,True,False,True
747,0,3,16.0,1,1,20.25,3,-1.026008200531795,0.03952536767375352,True,False,True
748,1,2,30.0,0,0,13.0,1,0.052771445601421274,0.025374310111545468,False,False,True
749,0,1,19.0,1,0,53.1,2,-0.7948411335032486,0.10364429745562033,True,False,True
750,0,3,31.0,0,0,7.75,1,0.12982713461093673,0.015126992566498259,True,True,False
751,1,2,4.0,1,1,23.0,3,-1.9506764686459803,0.044893010197349675,False,False,True
752,1,3,6.0,0,1,12.475,2,-1.7965650906269495,0.024349578357040744,True,False,True
753,0,3,33.0,0,0,9.5,1,0.2839385126299676,0.018542765081513996,True,False,True
754,0,3,23.0,0,0,7.8958,1,-0.4866183774651868,0.015411575213749286,True,False,True
755,1,2,48.0,1,2,65.0,4,1.4397738477726993,0.12687155055772734,False,False,True
756,1,2,0.67,1,1,14.5,3,-2.2072719130476663,0.028302115124416098,True,False,True
757,0,3,28.0,0,0,7.7958,1,-0.10133993241760961,0.015216388212891242,True,False,True
758,0,2,18.0,0,0,11.5,1,-0.871896822512764,0.022446505098674838,True,False,True
759,0,3,34.0,0,0,8.05,1,0.36099420163948304,0.015712553569072387,True,False,True
760,1,1,33.0,0,0,86.5,1,0.2839385126299676,0.16883675574220638,False,False,True
761,0,3,28.0,0,0,14.5,1,-0.10133993241760961,0.028302115124416098,True,False,True
762,0,3,41.0,0,0,7.125,1,0.9003840247060911,0.013907073811135496,True,False,True
763,1,3,20.0,0,0,7.2292,1,-0.7177854444937332,0.014110458666029575,True,False,False
764,1,1,36.0,1,2,120.0,4,0.5151055796585139,0.23422440102965048,False,False,True
765,0,3,16.0,0,0,7.775,1,-1.026008200531795,0.015175789316712771,True,False,True
766,1,1,51.0,1,0,77.9583,2,1.6709409148012455,0.15216446768991498,False,False,True
767,0,1,28.0,0,0,39.6,1,-0.10133993241760961,0.07729405233978466,True,False,False
768,0,3,30.5,0,0,7.75,1,0.091299290106179,0.015126992566498259,False,True,False
769,0,3,28.0,1,0,24.15,2,-0.10133993241760961,0.04713766070721715,True,True,False
770,0,3,32.0,0,0,8.3625,1,0.20688282362045216,0.016322512946753766,True,False,True
771,0,3,24.0,0,0,9.5,1,-0.4095626884556714,0.018542765081513996,True,False,True
772,0,3,48.0,0,0,7.8542,1,1.4397738477726993,0.015330377421392339,True,False,True
773,0,2,57.0,0,0,10.5,1,2.133275048858338,0.020494635090094415,False,False,True
774,0,3,28.0,0,0,7.225,1,-0.10133993241760961,0.014102260811993537,True,False,False
775,1,2,54.0,1,3,23.0,5,1.902107981829792,0.044893010197349675,False,False,True
776,0,3,18.0,0,0,7.75,1,-0.871896822512764,0.015126992566498259,True,False,True
777,0,3,28.0,0,0,7.75,1,-0.10133993241760961,0.015126992566498259,True,True,False
778,1,3,5.0,0,0,12.475,1,-1.8736207796364648,0.024349578357040744,False,False,True
779,0,3,28.0,0,0,7.7375,1,-0.10133993241760961,0.015102594191391004,True,True,False
780,1,1,43.0,0,1,211.3375,2,1.054495402725122,0.41250332793836464,False,False,True
781,1,3,13.0,0,0,7.2292,1,-1.2571752675603414,0.014110458666029575,False,False,False
782,1,1,17.0,1,0,57.0,2,-0.9489525115222794,0.11125659048908397,False,False,True
783,0,1,29.0,0,0,30.0,1,-0.024284243408094167,0.05855610025741262,True,False,True
784,0,3,28.0,1,2,23.45,4,-0.10133993241760961,0.04577135170121086,True,False,True
785,0,3,25.0,0,0,7.05,1,-0.3325069994461559,0.013760683560491965,True,False,True
786,0,3,25.0,0,0,7.25,1,-0.3325069994461559,0.014151057562208049,True,False,True
787,1,3,18.0,0,0,7.4958,1,-0.871896822512764,0.014630827210317117,False,False,True
788,0,3,8.0,4,1,29.125,6,-1.6424537126079184,0.05684821399990475,True,True,False
789,1,3,1.0,1,2,20.575,4,-2.1818435356745267,0.04015972542654215,True,False,True
790,0,1,46.0,0,0,79.2,1,1.2856624697536683,0.15458810467956932,True,False,False
791,0,3,28.0,0,0,7.75,1,-0.10133993241760961,0.015126992566498259,True,True,False
792,0,2,16.0,0,0,26.0,1,-1.026008200531795,0.050748620223090936,True,False,True
793,0,3,28.0,8,2,69.55,11,-0.10133993241760961,0.13575255909676825,False,False,True
794,0,1,28.0,0,0,30.6958,1,-0.10133993241760961,0.05991421140938287,True,False,False
795,0,3,25.0,0,0,7.8958,1,-0.3325069994461559,0.015411575213749286,True,False,True
796,0,2,39.0,0,0,13.0,1,0.7462726466870603,0.025374310111545468,True,False,True
797,1,1,49.0,0,0,25.9292,1,1.5168295367822147,0.050610427826483444,False,False,True
798,1,3,31.0,0,0,8.6833,1,0.12982713461093673,0.016948672845506364,False,False,True
799,0,3,30.0,0,0,7.2292,1,0.052771445601421274,0.014110458666029575,True,False,False
800,0,3,30.0,1,1,24.15,3,0.052771445601421274,0.04713766070721715,False,False,True
801,0,2,34.0,0,0,13.0,1,0.36099420163948304,0.025374310111545468,True,False,True
802,1,2,31.0,1,1,26.25,3,0.12982713461093673,0.05123658772523604,False,False,True
803,1,1,11.0,1,2,120.0,4,-1.4112866455793722,0.23422440102965048,True,False,True
804,1,3,0.42,0,1,8.5167,2,-2.2265358353000453,0.016623491302076868,True,False,False
805,1,3,27.0,0,0,6.975,1,-0.17839562142712506,0.013614293309848433,True,False,True
806,0,3,31.0,0,0,7.775,1,0.12982713461093673,0.015175789316712771,True,False,True
807,0,1,39.0,0,0,0.0,1,0.7462726466870603,0.0,True,False,True
808,0,3,18.0,0,0,7.775,1,-0.871896822512764,0.015175789316712771,False,False,True
809,0,2,39.0,0,0,13.0,1,0.7462726466870603,0.025374310111545468,True,False,True
810,1,1,33.0,1,0,53.1,2,0.2839385126299676,0.10364429745562033,False,False,True
811,0,3,26.0,0,0,7.8875,1,-0.2554513104366405,0.015395374692678068,True,False,True
812,0,3,39.0,0,0,24.15,1,0.7462726466870603,0.04713766070721715,True,False,True
813,0,2,35.0,0,0,10.5,1,0.4380498906489985,0.020494635090094415,True,False,True
814,0,3,6.0,4,2,31.275,7,-1.7965650906269495,0.06104473451835265,False,False,True
815,0,3,30.5,0,0,8.05,1,0.091299290106179,0.015712553569072387,True,False,True
816,0,1,28.0,0,0,0.0,1,-0.10133993241760961,0.0,True,False,True
817,0,3,23.0,0,0,7.925,1,-0.4866183774651868,0.015468569817999833,False,False,True
818,0,2,31.0,1,1,37.0042,3,0.12982713461093673,0.07222738817151159,True,False,False
819,0,3,43.0,0,0,6.45,1,1.054495402725122,0.012589561555343713,True,False,True
820,0,3,10.0,3,2,27.9,6,-1.4883423345888875,0.05445717323939373,True,False,True
821,1,1,52.0,1,1,93.5,3,1.747996603810761,0.18249984580226933,False,False,True
822,1,3,27.0,0,0,8.6625,1,-0.17839562142712506,0.016908073949327893,True,False,True
823,0,1,38.0,0,0,0.0,1,0.6692169576775449,0.0,True,False,True
824,1,3,27.0,0,1,12.475,2,-0.17839562142712506,0.024349578357040744,False,False,True
825,0,3,2.0,4,1,39.6875,6,-2.104787846665011,0.07746484096553544,True,False,True
826,0,3,28.0,0,0,6.95,1,-0.10133993241760961,0.013565496559633922,True,True,False
827,0,3,28.0,0,0,56.4958,1,-0.10133993241760961,0.11027245763075773,True,False,True
828,1,2,1.0,0,2,37.0042,3,-2.1818435356745267,0.07222738817151159,True,False,False
829,1,3,28.0,0,0,7.75,1,-0.10133993241760961,0.015126992566498259,True,True,False
831,1,3,15.0,1,0,14.4542,2,-1.1030638895413103,0.028212719478023115,False,False,False
832,1,2,0.83,1,1,18.75,3,-2.1949430028061445,0.03659756266088288,True,False,True
833,0,3,28.0,0,0,7.2292,1,-0.10133993241760961,0.014110458666029575,True,False,False
834,0,3,23.0,0,0,7.8542,1,-0.4866183774651868,0.015330377421392339,True,False,True
835,0,3,18.0,0,0,8.3,1,-0.871896822512764,0.016200521071217493,True,False,True
836,1,1,39.0,1,1,83.1583,3,0.7462726466870603,0.16231419173453318,False,False,False
837,0,3,21.0,0,0,8.6625,1,-0.6407297554842177,0.016908073949327893,True,False,True
838,0,3,28.0,0,0,8.05,1,-0.10133993241760961,0.015712553569072387,True,False,True
839,1,3,32.0,0,0,56.4958,1,0.20688282362045216,0.11027245763075773,True,False,True
840,1,1,28.0,0,0,29.7,1,-0.10133993241760961,0.057970539254838485,True,False,False
841,0,3,20.0,0,0,7.925,1,-0.7177854444937332,0.015468569817999833,True,False,True
842,0,2,16.0,0,0,10.5,1,-1.026008200531795,0.020494635090094415,True,False,True
843,1,1,30.0,0,0,31.0,1,0.052771445601421274,0.060507970265993034,False,False,False
844,0,3,34.5,0,0,6.4375,1,0.39952204614424075,0.012565163180236457,True,False,False
845,0,3,17.0,0,0,8.6625,1,-0.9489525115222794,0.016908073949327893,True,False,True
846,0,3,42.0,0,0,7.55,1,0.9774397137156066,0.014736618564782174,True,False,True
847,0,3,28.0,8,2,69.55,11,-0.10133993241760961,0.13575255909676825,True,False,True
848,0,3,35.0,0,0,7.8958,1,0.4380498906489985,0.015411575213749286,True,False,False
849,0,2,28.0,0,1,33.0,2,-0.10133993241760961,0.06441171028315387,True,False,True
850,1,1,28.0,1,0,89.1042,2,-0.10133993241760961,0.17391981561855152,False,False,False
851,0,3,4.0,4,2,31.275,7,-1.9506764686459803,0.06104473451835265,True,False,True
852,0,3,74.0,0,0,7.775,1,3.443221762020101,0.015175789316712771,True,False,True
853,0,3,9.0,1,1,15.2458,3,-1.565398023598403,0.029757819776815374,False,False,False
854,1,1,16.0,0,1,39.4,2,-1.026008200531795,0.07690367833806856,False,False,True
855,0,2,44.0,1,0,26.0,2,1.1315510917346374,0.050748620223090936,False,False,True
856,1,3,18.0,0,1,9.35,2,-0.871896822512764,0.018249984580226933,False,False,True
857,1,1,45.0,1,1,164.8667,3,1.208606780744153,0.32179836714362564,False,False,True
858,1,1,51.0,0,0,26.55,1,1.6709409148012455,0.051822148727810165,True,False,True
859,1,3,24.0,0,3,19.2583,4,-0.4095626884556714,0.03758969818624431,False,False,False
860,0,3,28.0,0,0,7.2292,1,-0.10133993241760961,0.014110458666029575,True,False,False
861,0,3,41.0,2,0,14.1083,3,0.9003840247060911,0.027537567642055148,True,False,True
862,0,2,21.0,1,0,11.5,2,-0.6407297554842177,0.022446505098674838,True,False,True
863,1,1,48.0,0,0,25.9292,1,1.4397738477726993,0.050610427826483444,False,False,True
864,0,3,28.0,8,2,69.55,11,-0.10133993241760961,0.13575255909676825,False,False,True
865,0,2,24.0,0,0,13.0,1,-0.4095626884556714,0.025374310111545468,True,False,True
866,1,2,42.0,0,0,13.0,1,0.9774397137156066,0.025374310111545468,False,False,True
867,1,2,27.0,1,0,13.8583,2,-0.17839562142712506,0.027049600139910042,False,False,False
868,0,1,31.0,0,0,50.4958,1,0.12982713461093673,0.09856123757927521,True,False,True
869,0,3,28.0,0,0,9.5,1,-0.10133993241760961,0.018542765081513996,True,False,True
870,1,3,4.0,1,1,11.1333,3,-1.9506764686459803,0.021730754366528396,True,False,True
871,0,3,26.0,0,0,7.8958,1,-0.2554513104366405,0.015411575213749286,True,False,True
872,1,1,47.0,1,1,52.5542,3,1.3627181587631838,0.10257896680493714,False,False,True
873,0,1,33.0,0,0,5.0,1,0.2839385126299676,0.009759350042902102,True,False,True
874,0,3,47.0,0,0,9.0,1,1.3627181587631838,0.017566830077223785,True,False,True
875,1,2,28.0,1,0,24.0,2,-0.10133993241760961,0.04684488020593009,False,False,False
876,1,3,15.0,0,0,7.225,1,-1.1030638895413103,0.014102260811993537,False,False,False
877,0,3,20.0,0,0,9.8458,1,-0.7177854444937332,0.019217721730481106,True,False,True
878,0,3,19.0,0,0,7.8958,1,-0.7948411335032486,0.015411575213749286,True,False,True
879,0,3,28.0,0,0,7.8958,1,-0.10133993241760961,0.015411575213749286,True,False,True
880,1,1,56.0,0,1,83.1583,2,2.0562193598488228,0.16231419173453318,False,False,False
881,1,2,25.0,0,1,26.0,2,-0.3325069994461559,0.050748620223090936,False,False,True
882,0,3,33.0,0,0,7.8958,1,0.2839385126299676,0.015411575213749286,True,False,True
883,0,3,22.0,0,0,10.5167,1,-0.5636740664747023,0.02052723131923771,False,False,True
884,0,2,28.0,0,0,10.5,1,-0.10133993241760961,0.020494635090094415,True,False,True
885,0,3,25.0,0,0,7.05,1,-0.3325069994461559,0.013760683560491965,True,False,True
886,0,3,39.0,0,5,29.125,6,0.7462726466870603,0.05684821399990475,False,True,False
887,0,2,27.0,0,0,13.0,1,-0.17839562142712506,0.025374310111545468,True,False,True
888,1,1,19.0,0,0,30.0,1,-0.7948411335032486,0.05855610025741262,False,False,True
889,0,3,28.0,1,2,23.45,4,-0.10133993241760961,0.04577135170121086,False,False,True
890,1,1,26.0,0,0,30.0,1,-0.2554513104366405,0.05855610025741262,True,False,False
891,0,3,32.0,0,0,7.75,1,0.20688282362045216,0.015126992566498259,True,True,False
